Student_ID,Prediction,Recommendation
1,Safe,Student is safe and performing well.
2,Safe,Student is safe and performing well.
3,Safe,Student is safe and performing well.
4,Safe,Student is safe and performing well.
5,Safe,Student is safe and performing well.
6,Safe,Student is safe and performing well.
7,Safe,Student is safe and performing well.
8,Safe,Student is safe and performing well.
9,Safe,Student is safe and performing well.
10,Safe,Student is safe and performing well.
11,Safe,Student is safe and performing well.
12,Safe,Student is safe and performing well.
13,Safe,Student is safe and performing well.
14,Safe,Student is safe and performing well.
15,Safe,Student is safe and performing well.
16,At-risk,Student is safe and performing well.
17,At-risk,Student is safe and performing well.
18,At-risk,Student is safe and performing well.
19,At-risk,Student is safe and performing well.
20,At-risk,Student is safe and performing well.
21,At-risk,Student is safe and performing well.
22,At-risk,Student is safe and performing well.
23,At-risk,Student is safe and performing well.
24,At-risk,Student is safe and performing well.
25,At-risk,Student is safe and performing well.
26,At-risk,Student is safe and performing well.
27,At-risk,Student is safe and performing well.
28,At-risk,Student is safe and performing well.
29,At-risk,Student is safe and performing well.
30,At-risk,Student is safe and performing well.
31,At-risk,Student is safe and performing well.
32,Safe,Student is safe and performing well.
33,At-risk,Student is safe and performing well.
34,At-risk,Student is safe and performing well.
35,At-risk,Student is safe and performing well.
36,At-risk,Student is safe and performing well.
37,At-risk,Student is safe and performing well.
38,At-risk,Student is safe and performing well.
39,At-risk,Student is safe and performing well.
40,At-risk,Student is safe and performing well.
41,At-risk,Student is safe and performing well.
42,At-risk,Student is safe and performing well.
43,At-risk,Student is safe and performing well.
44,At-risk,Student is safe and performing well.
45,Safe,Student is safe and performing well.
46,Safe,Student is safe and performing well.
47,At-risk,Student is safe and performing well.
48,At-risk,Student is safe and performing well.
49,At-risk,Student is safe and performing well.
50,At-risk,Student is safe and performing well.
